{"cameraMode":{"drawMode":0,"name":"Shaded","section":"Shading Mode"},"sceneLighting":false,"audioPlay":false,"sceneViewState":{"m_AlwaysRefresh":false,"showFog":true,"showSkybox":false,"showFlares":true,"showImageEffects":true,"showParticleSystems":true,"showVisualEffectGraphs":true,"m_FxEnabled":false},"in2DMode":false,"pivot":{"x":-0.008999999612569809,"y":1.0110000371932984,"z":0.03400000184774399},"rotation":{"x":0.39592981338500979,"y":0.3872157633304596,"z":-0.18906305730342866,"w":0.8109051585197449},"size":1.0784432888031006,"orthographic":false}