{"cameraMode":{"drawMode":0,"name":"Shaded","section":"Shading Mode"},"sceneLighting":false,"audioPlay":false,"sceneViewState":{"m_AlwaysRefresh":false,"showFog":true,"showSkybox":false,"showFlares":true,"showImageEffects":true,"showParticleSystems":true,"showVisualEffectGraphs":true,"m_FxEnabled":false},"in2DMode":false,"pivot":{"x":0.15984773635864259,"y":-9.235587120056153,"z":-22.001741409301759},"rotation":{"x":-0.025297602638602258,"y":0.9694803357124329,"z":-0.21578702330589295,"w":-0.11365438252687454},"size":13.171360969543457,"orthographic":false}